,Round_Date,Horizon,Date,Store,Weekly_Sales,Prediction_LGBM,CV_Score_Mean_LGBM,CV_StdDev_Mean_LGBM,Tuning_Time_LGBM
0,2012-08-31,1,2012-09-07,1,1661767.4,1536743.868934567,-4224834197.8217897,4160749432.224738,6.205464601516724
1,2012-08-31,2,2012-09-14,1,1517428.9,1558385.6246585487,-5995498735.601887,7438328942.496152,2.351594924926758
2,2012-08-31,3,2012-09-21,1,1506126.0,1541019.3650142434,-1872570193.4991443,1502277327.6745749,2.316534996032715
3,2012-08-31,4,2012-09-28,1,1437059.2,1606688.699082209,-1772695555.9535785,1402455036.8062556,2.3399155139923096
4,2012-08-31,5,2012-10-05,1,1670786.0,1559844.6951219512,-2494327964.4125834,1898817908.0823684,0.6724295616149902
5,2012-08-31,6,2012-10-12,1,1573072.9,1560949.1536885246,-2468553233.9358864,1919577989.6850283,0.6732256412506104
6,2012-08-31,7,2012-10-19,1,1508068.8,1560593.7324380165,-2503842434.9235377,1901559954.139511,0.7740724086761475
7,2012-08-31,8,2012-10-26,1,1493659.8,1561146.584375,-2440511894.437938,1890354780.24173,1.340289831161499
8,2012-08-31,1,2012-09-07,2,1898777.1,1923737.0576008926,-7173539207.602295,7712136944.125768,3.7469303607940674
9,2012-08-31,2,2012-09-14,2,1814806.6,1916252.4117638117,-1684084368.070629,1545390547.7035143,2.334055185317993
10,2012-08-31,3,2012-09-21,2,1829415.6,1918199.189007083,-2142097337.3263834,1664746052.450421,2.2858550548553467
11,2012-08-31,4,2012-09-28,2,1746470.5,1918568.8798031823,-2293293232.3587055,1553850170.952948,2.2616114616394043
12,2012-08-31,5,2012-10-05,2,1998321.0,1925659.4349593497,-1453166147.1570454,1540973463.6228738,0.6643738746643066
13,2012-08-31,6,2012-10-12,2,1900745.1,1926669.3463114754,-1469518077.550249,1599345958.2179258,0.6465935707092285
14,2012-08-31,7,2012-10-19,2,1847990.4,1925711.3842975206,-1455777133.4049358,1572530185.6932616,0.6883070468902588
15,2012-08-31,8,2012-10-26,2,1834458.4,1926086.0427083333,-1454514006.7669053,1601846564.3343189,0.7156484127044678
16,2012-08-31,1,2012-09-07,3,408229.72,401963.91535907116,-349123317.2221292,495280399.7678835,4.560186386108398
17,2012-08-31,2,2012-09-14,3,407589.16,403187.0693945697,-350428452.87783545,332582334.47054136,4.067086935043335
18,2012-08-31,3,2012-09-21,3,414392.1,406635.4408112353,-417791460.37021685,566691953.7987933,3.849071502685547
19,2012-08-31,4,2012-09-28,3,389813.03,403562.1792556576,-498772294.12974226,525883437.9001851,3.5550241470336914
20,2012-08-31,5,2012-10-05,3,443570.62,404018.1602902281,-404355704.5599386,370788845.07845,3.466261386871338
21,2012-08-31,6,2012-10-12,3,410804.38,404329.98766648676,-375951266.031623,424974524.3111125,3.3861923217773438
22,2012-08-31,7,2012-10-19,3,424520.56,404356.0244342585,-640030852.5000353,511904774.5668907,3.263343334197998
23,2012-08-31,8,2012-10-26,3,405432.7,404495.33733919275,-657751115.5208701,530337071.45158195,3.17413067817688
24,2012-08-31,1,2012-09-07,4,2125104.8,2177796.0632316475,-13303725425.681465,7824508648.518749,3.840324878692627
25,2012-08-31,2,2012-09-14,4,2117854.5,2203224.3467315207,-5189222300.561173,4591467063.051617,3.8881101608276367
26,2012-08-31,3,2012-09-21,4,2119438.5,2121417.5979010565,-5116332413.005333,5321023097.600118,3.649409055709839
27,2012-08-31,4,2012-09-28,4,2027620.2,2124416.7449970003,-5131611188.324295,6533861587.733241,4.0142388343811035
28,2012-08-31,5,2012-10-05,4,2209835.5,2140329.9871604424,-4359520952.461254,4537312287.157073,3.450340986251831
29,2012-08-31,6,2012-10-12,4,2133026.0,2143969.5326512516,-4540670541.193189,4359893688.996424,3.3189706802368164
30,2012-08-31,7,2012-10-19,4,2097266.8,2161855.371870526,-4884694938.043796,4812221840.328641,3.2201056480407715
31,2012-08-31,8,2012-10-26,4,2149594.5,2166848.6015043287,-4910683228.359259,5039816034.02368,3.100839376449585
32,2012-08-31,1,2012-09-07,5,350648.9,320667.07198056794,-342670831.16005224,257605450.7418996,3.5977120399475098
33,2012-08-31,2,2012-09-14,5,299800.66,320353.13731271034,-223603414.1278181,199828006.0656871,3.4209651947021484
34,2012-08-31,3,2012-09-21,5,307306.75,314181.74894013285,-223164672.6633638,211679265.94448456,3.439180850982666
35,2012-08-31,4,2012-09-28,5,310141.7,320380.2684168882,-325653541.5552614,233197605.23536083,3.2226016521453857
36,2012-08-31,5,2012-10-05,5,343048.28,320604.5464774118,-407617209.3550711,322995239.9300648,2.852201461791992
37,2012-08-31,6,2012-10-12,5,325345.4,319747.72733094264,-168043261.64843756,232762031.0868639,0.6514477729797363
38,2012-08-31,7,2012-10-19,5,313358.16,319633.40612086776,-167956279.83533767,235556109.09700653,0.6752912998199463
39,2012-08-31,8,2012-10-26,5,319550.78,319824.736328125,-166389322.1553249,230999645.1767197,0.6389234066009521
40,2012-08-31,1,2012-09-07,6,1608077.0,1569101.069054334,-6369148464.16343,6231629699.302391,3.2265472412109375
41,2012-08-31,2,2012-09-14,6,1375399.9,1567407.2773317134,-7910591274.588646,8617885752.773657,2.387964963912964
42,2012-08-31,3,2012-09-21,6,1425603.6,1570101.8960410412,-1650535428.0455613,2126115463.9370818,2.2963829040527344
43,2012-08-31,4,2012-09-28,6,1369131.5,1562771.655284788,-3045028161.4550996,4384759792.685241,2.333374261856079
44,2012-08-31,5,2012-10-05,6,1518177.8,1569532.293699187,-1900152236.229216,1912253961.083074,0.6557962894439697
45,2012-08-31,6,2012-10-12,6,1459396.9,1570112.2459016393,-1937303698.1429038,1926012770.236302,0.6392464637756348
46,2012-08-31,7,2012-10-19,6,1436884.0,1569700.5247933883,-1922461203.00995,1934779354.1514115,0.6834564208984375
47,2012-08-31,8,2012-10-26,6,1431448.0,1570080.8677083333,-1863228959.7453103,1853866177.9520524,0.6284892559051514
48,2012-08-31,1,2012-09-07,7,597876.56,596954.7285294613,-1219758723.1101217,996001390.1388195,5.706098556518555
49,2012-08-31,2,2012-09-14,7,541137.7,637632.1949064161,-3404293446.4037404,3286635088.0936503,4.851304531097412
50,2012-08-31,3,2012-09-21,7,530842.25,648261.8974279992,-1719100859.6213028,1714031894.0034745,4.270617246627808
51,2012-08-31,4,2012-09-28,7,525934.75,602354.3559480228,-3165175797.494325,3309748550.4615593,4.1152143478393555
52,2012-08-31,5,2012-10-05,7,505830.56,592783.4394819897,-2310964451.8300743,2074998604.9127674,3.72639536857605
53,2012-08-31,6,2012-10-12,7,503463.94,539877.919274527,-1318638637.983837,1119307946.5660403,3.6280527114868164
54,2012-08-31,7,2012-10-19,7,516424.84,548411.5574394307,-1392922246.718949,1107209771.492789,3.637235403060913
55,2012-08-31,8,2012-10-26,7,495543.28,546807.6027284609,-1343745512.1447403,1067131976.1035391,3.555758237838745
56,2012-08-31,1,2012-09-07,8,932160.4,936751.5173291941,-1507258234.2939322,1584478429.9633517,3.6006150245666504
57,2012-08-31,2,2012-09-14,8,883569.4,912972.8341410867,-1762270311.8048291,2074472322.7518878,3.223036766052246
58,2012-08-31,3,2012-09-21,8,857796.44,920843.0191724552,-1559904525.769353,1772168592.921895,3.2367918491363525
59,2012-08-31,4,2012-09-28,8,884724.4,923280.3950470778,-1368591843.6445544,1142127144.62866,2.283146381378174
60,2012-08-31,5,2012-10-05,8,976436.0,910314.2820121951,-1177291277.2858818,1636077908.900885,0.9017727375030518
61,2012-08-31,6,2012-10-12,8,927512.0,911393.311987705,-1126357818.1440563,1543314827.9397378,0.6616320610046387
62,2012-08-31,7,2012-10-19,8,900309.75,911348.4555785124,-1118001570.9911404,1537711225.995031,0.7024567127227783
63,2012-08-31,8,2012-10-26,8,891671.44,911665.2104166667,-1105464812.5351264,1509416741.3686516,0.7433092594146729
64,2012-08-31,1,2012-09-07,9,565867.75,588609.4851404096,-792786622.3294106,827706103.1369039,3.2965714931488037
65,2012-08-31,2,2012-09-14,9,523427.34,548627.4860355648,-1587652185.5549948,1530466297.7051847,2.3789658546447754
66,2012-08-31,3,2012-09-21,9,533756.9,545063.6176570188,-1983348718.2215784,1302193106.0188518,2.438495397567749
67,2012-08-31,4,2012-09-28,9,516361.06,549229.3888912181,-1141317378.2755604,786874366.8672366,2.3183209896087646
68,2012-08-31,5,2012-10-05,9,606755.3,547042.8506097561,-395133649.7929367,325445793.59642065,0.6176881790161133
69,2012-08-31,6,2012-10-12,9,558464.8,547496.2884221311,-383152403.95790315,297510550.174885,0.6859850883483887
70,2012-08-31,7,2012-10-19,9,542009.44,547672.8145661157,-375430526.21611243,285618616.29415655,0.6575429439544678
71,2012-08-31,8,2012-10-26,9,549731.5,548130.1479166667,-372710426.138042,268501545.7749944,0.6535494327545166
72,2012-08-31,1,2012-09-07,10,1708283.2,1793927.4605808863,-13076499588.739758,15270918266.27538,3.8078179359436035
73,2012-08-31,2,2012-09-14,10,1640169.0,1835807.6490144427,-7772357110.662842,8561023406.836896,3.8130366802215576
74,2012-08-31,3,2012-09-21,10,1671857.6,1752038.6685368905,-10477717248.193659,10761638564.70467,3.1558427810668945
75,2012-08-31,4,2012-09-28,10,1694960.4,1903763.651273468,-28033114462.505898,30211965554.313057,2.296613931655884
76,2012-08-31,5,2012-10-05,10,1758971.4,1901319.9898373983,-18492433792.53405,24216210116.858013,0.6577026844024658
77,2012-08-31,6,2012-10-12,10,1713889.1,1902226.7551229508,-18803499749.128086,24533822401.484024,0.7010929584503174
78,2012-08-31,7,2012-10-19,10,1734834.9,1902068.0330578513,-18919099383.888577,24558732366.33803,0.6758534908294678
79,2012-08-31,8,2012-10-26,10,1744349.0,1902851.4635416667,-19346728592.875217,24935999426.492535,0.6635122299194336
80,2012-08-31,1,2012-09-07,11,1304584.4,1358721.4410414402,-12395704239.755537,16521206450.401596,3.309542417526245
81,2012-08-31,2,2012-09-14,11,1267675.0,1379775.7669801817,-3818249899.3116527,4144197422.731922,2.348109245300293
82,2012-08-31,3,2012-09-21,11,1326133.0,1397111.0589419224,-2859908515.2944837,2679015037.810362,2.404266119003296
83,2012-08-31,4,2012-09-28,11,1227430.8,1393279.4552105959,-1866480372.4103057,1235537242.2465901,2.26632022857666
84,2012-08-31,5,2012-10-05,11,1422794.2,1356396.1829268292,-2142034707.435253,1401465408.5662556,0.6683609485626221
85,2012-08-31,6,2012-10-12,11,1311965.1,1357352.1608606558,-2043730932.8361819,1353608082.823052,0.690464973449707
86,2012-08-31,7,2012-10-19,11,1232073.1,1357724.2469008265,-2020406139.464142,1381113494.6825352,0.6785068511962891
87,2012-08-31,8,2012-10-26,11,1200729.5,1358481.98125,-1965935570.4544928,1344762155.9191976,0.6213705539703369
88,2012-08-31,1,2012-09-07,12,955146.0,1040452.8821457615,-2575799046.3222094,3719156370.4237294,3.6956212520599365
89,2012-08-31,2,2012-09-14,12,885892.6,1008148.1927069064,-3905800878.7844906,4105204646.7261443,3.2710492610931396
90,2012-08-31,3,2012-09-21,12,922735.4,1004376.0368330884,-2777520696.9553304,2604427266.548748,3.1515018939971924
91,2012-08-31,4,2012-09-28,12,880415.7,1005225.0058553399,-3684621376.32106,3980273617.479989,3.0512707233428955
92,2012-08-31,5,2012-10-05,12,979825.94,1011481.3755081301,-1539528922.6023414,1083133983.8514855,0.6392145156860352
93,2012-08-31,6,2012-10-12,12,934923.44,1011950.2540983607,-1532311986.408417,1091939484.6336918,0.7124717235565186
94,2012-08-31,7,2012-10-19,12,960968.4,1011691.6590909091,-1526786526.5614219,1087070983.7405949,0.6638221740722656
95,2012-08-31,8,2012-10-26,12,974697.6,1012071.9645833333,-1525667057.7399604,1079008664.6776278,0.6301555633544922
96,2012-08-31,1,2012-09-07,13,2165796.2,2028602.9326495412,-114471282979.18494,206482793754.52496,3.475951671600342
97,2012-08-31,2,2012-09-14,13,1919917.0,2012751.6443081452,-4724167413.795387,5054883339.695464,2.536884069442749
98,2012-08-31,3,2012-09-21,13,1938379.6,2092223.2671478041,-2824758617.025197,3210797517.3796077,2.3646600246429443
99,2012-08-31,4,2012-09-28,13,1927664.1,2065105.287703856,-3389149211.3623066,2307951052.922377,2.319762945175171
100,2012-08-31,5,2012-10-05,13,2041918.8,2011165.430894309,-3289780743.071026,2368243636.016049,0.6189196109771729
101,2012-08-31,6,2012-10-12,13,1999079.5,2013012.4795081967,-3090883757.038195,2256795611.140076,0.6785471439361572
102,2012-08-31,7,2012-10-19,13,2018010.1,2013074.7128099173,-3159891326.4403257,2340434334.813584,0.633814811706543
103,2012-08-31,8,2012-10-26,13,2035189.6,2014098.05625,-3110993102.245816,2278278646.165664,0.7290215492248535
104,2012-08-31,1,2012-09-07,14,1904512.4,1681104.4145811265,-33945272498.951244,5494005222.327608,4.128849744796753
105,2012-08-31,2,2012-09-14,14,1554794.2,1653798.9649853567,-45158092281.780174,11270740469.444025,3.5741724967956543
106,2012-08-31,3,2012-09-21,14,1565352.5,1722599.1014310194,-116955671110.81122,88276365283.851,3.54049015045166
107,2012-08-31,4,2012-09-28,14,1522512.2,1845823.6522692263,-88926016940.86536,27799222158.978203,3.5187220573425293
108,2012-08-31,5,2012-10-05,14,1687592.1,1708235.233909721,-122403777536.07515,66387021548.811165,3.410810947418213
109,2012-08-31,6,2012-10-12,14,1639590.6,1855578.0471141057,-119445878248.20457,69795679782.8924,3.619563341140747
110,2012-08-31,7,2012-10-19,14,1590274.8,1762273.6240175893,-106177350065.91624,8002864801.998272,3.362194538116455
111,2012-08-31,8,2012-10-26,14,1704357.6,1775563.6634394613,-111252961013.3976,7365167391.936802,3.2035717964172363
112,2012-08-31,1,2012-09-07,15,587259.8,611787.0710006607,-1364867872.9254391,1838241709.471413,3.323183298110962
113,2012-08-31,2,2012-09-14,15,527509.75,628161.7295680888,-938227413.1991669,749253716.4262663,2.274644613265991
114,2012-08-31,3,2012-09-21,15,533161.6,630267.5350365438,-967654020.0090377,780172816.3840526,2.24039626121521
115,2012-08-31,4,2012-09-28,15,553902.0,618016.0333840586,-938487152.303955,770139371.6847447,2.254547357559204
116,2012-08-31,5,2012-10-05,15,573498.6,626832.0342987805,-1242075848.8808956,761507762.3326977,0.6588292121887207
117,2012-08-31,6,2012-10-12,15,551799.6,627291.3860143443,-1283480048.9650865,774480206.2840433,0.6984081268310547
118,2012-08-31,7,2012-10-19,15,555652.75,627009.9191632231,-1253936630.84873,746867429.7103357,0.6428194046020508
119,2012-08-31,8,2012-10-26,15,558473.6,627281.7919270833,-1265365593.959991,753291185.7725574,0.6651184558868408
120,2012-08-31,1,2012-09-07,16,537169.5,641665.5280100899,-680852196.462273,769227299.4168941,3.436398506164551
121,2012-08-31,2,2012-09-14,16,526925.2,553728.4616007811,-2893796260.498022,2828803051.2272573,3.293240785598755
122,2012-08-31,3,2012-09-21,16,509942.56,542312.7209985941,-1459448722.3296769,1044045541.7518175,3.196976900100708
123,2012-08-31,4,2012-09-28,16,469607.72,524293.5708828463,-3073663161.4630146,2361013683.415162,3.0526647567749023
124,2012-08-31,5,2012-10-05,16,471281.7,525546.5751322481,-2592513986.394215,2132757934.1335776,3.328031063079834
125,2012-08-31,6,2012-10-12,16,491817.2,516993.0425911765,-2466954530.5511355,2388361645.1231093,3.57242488861084
126,2012-08-31,7,2012-10-19,16,577198.94,519073.10932608414,-5925565098.806324,7105716655.782001,3.1846063137054443
127,2012-08-31,8,2012-10-26,16,475770.12,521517.95589346316,-4399701785.0312805,3423661617.897448,3.1052281856536865
128,2012-08-31,1,2012-09-07,17,1255669.5,900269.1438486209,-6178559141.463942,8081260648.32927,3.4409193992614746
129,2012-08-31,2,2012-09-14,17,1071040.2,894818.4958113155,-3822237270.952558,4368438023.696673,3.419205904006958
130,2012-08-31,3,2012-09-21,17,938303.3,901460.5302500947,-4696076326.2401705,4741456271.511587,3.267194986343384
131,2012-08-31,4,2012-09-28,17,972716.25,900661.8843521936,-6612393535.098092,4712393616.79137,2.933478832244873
132,2012-08-31,5,2012-10-05,17,952609.2,901861.7447151248,-7256023630.502898,10859228850.84127,3.214132785797119
133,2012-08-31,6,2012-10-12,17,919878.3,902512.0238432029,-2714894541.6216393,2048171779.774362,2.996708869934082
134,2012-08-31,7,2012-10-19,17,957356.9,896632.1833677687,-1318622566.6008317,847389207.657325,0.6467151641845703
135,2012-08-31,8,2012-10-26,17,943476.3,897322.8177083334,-1326184152.3469143,839125907.483477,0.6986551284790039
136,2012-08-31,1,2012-09-07,18,1083550.6,1048691.1405044165,-1742270269.480484,1598840200.3221972,3.343177318572998
137,2012-08-31,2,2012-09-14,18,960476.1,1094469.2221988752,-4190534694.158024,4388978735.99046,3.065082550048828
138,2012-08-31,3,2012-09-21,18,971386.6,1084966.694346543,-4711987827.893993,3570196515.969956,2.276515483856201
139,2012-08-31,4,2012-09-28,18,1002869.06,1084573.7525869627,-5111094856.089924,3609184540.343447,2.3094656467437744
140,2012-08-31,5,2012-10-05,18,1092204.8,1080875.543699187,-4200123041.008554,4809159464.6177435,0.6425282955169678
141,2012-08-31,6,2012-10-12,18,1074080.0,1081042.9713114754,-4153169818.1731873,4775365425.56961,0.6437063217163086
142,2012-08-31,7,2012-10-19,18,1048709.8,1079875.9256198348,-4076768996.1449914,4671016842.004485,0.7106668949127197
143,2012-08-31,8,2012-10-26,18,1127527.8,1079769.7541666667,-4085052325.1062627,4667906059.351166,0.6626276969909668
144,2012-08-31,1,2012-09-07,19,1497073.8,1615280.6551916422,-5481973854.988801,4645145464.38645,3.1868858337402344
145,2012-08-31,2,2012-09-14,19,1370653.4,1446181.5246317657,-8913471526.355423,6918432374.9362955,2.30903959274292
146,2012-08-31,3,2012-09-21,19,1338572.2,1445876.9181312893,-8504074143.146004,6827912329.761781,2.3061790466308594
147,2012-08-31,4,2012-09-28,19,1338299.0,1444967.6416571748,-10759915777.286776,8146280214.036881,2.2496495246887207
148,2012-08-31,5,2012-10-05,19,1408016.1,1447009.2957317072,-7500679790.671975,3453226735.349163,0.6499307155609131
149,2012-08-31,6,2012-10-12,19,1352809.5,1447353.0963114754,-7446046137.701178,3439300722.2603545,0.7094154357910156
150,2012-08-31,7,2012-10-19,19,1321102.4,1446370.7272727273,-7318780054.18168,3408857971.0174446,0.7336688041687012
151,2012-08-31,8,2012-10-26,19,1322136.0,1446446.0875,-7335124994.541021,3409479211.915252,0.8098890781402588
152,2012-08-31,1,2012-09-07,20,2080538.0,2208079.589368961,-6025929987.383517,9748862238.420786,3.363854169845581
153,2012-08-31,2,2012-09-14,20,2047988.0,2105748.0383062134,-5081360757.625869,4018154585.75119,2.429516077041626
154,2012-08-31,3,2012-09-21,20,2028587.2,2120284.078804739,-6872574283.954862,4047925961.0293345,2.3071093559265137
155,2012-08-31,4,2012-09-28,20,2008388.4,2121195.4179069013,-8037033983.027221,7020336462.313834,2.3206565380096436
156,2012-08-31,5,2012-10-05,20,2246412.0,2113582.013211382,-4359058052.580356,4434424237.620615,0.6663529872894287
157,2012-08-31,6,2012-10-12,20,2162996.2,2115176.4631147543,-4642694352.507815,4647531556.658353,0.5957257747650146
158,2012-08-31,7,2012-10-19,20,1999363.5,2114994.109504132,-4588185849.327088,4604817687.114898,0.6604776382446289
159,2012-08-31,8,2012-10-26,20,2031654.5,2115675.6302083335,-4570183749.541379,4501448008.10101,0.6247541904449463
160,2012-08-31,1,2012-09-07,21,642850.25,765975.1697765315,-10016861268.989466,14580265028.326105,3.2118940353393555
161,2012-08-31,2,2012-09-14,21,628494.6,764019.3704481802,-1860826573.092915,2008144051.0660195,2.353651285171509
162,2012-08-31,3,2012-09-21,21,667151.44,766844.6202230693,-1621778635.4706428,1860192332.0104058,2.2957091331481934
163,2012-08-31,4,2012-09-28,21,647097.6,763895.5503030461,-1752695151.3011045,1865278457.1015165,2.3102006912231445
164,2012-08-31,5,2012-10-05,21,651768.94,763207.1875,-2255642553.7019057,2198908516.690658,0.5951251983642578
165,2012-08-31,6,2012-10-12,21,653043.44,763884.8473360656,-2318991343.6053786,2285531687.6401024,0.6546158790588379
166,2012-08-31,7,2012-10-19,21,641368.1,764041.1730371901,-2343295307.6696124,2325951387.786632,0.636073112487793
167,2012-08-31,8,2012-10-26,21,675202.9,764378.4921875,-2379679304.7441573,2379858389.9684873,0.6813788414001465
168,2012-08-31,1,2012-09-07,22,996628.8,1026797.3306965237,-13742535630.544792,19805119862.782677,3.335893154144287
169,2012-08-31,2,2012-09-14,22,918049.3,1030801.5895441081,-4197646470.080601,3729159719.607466,2.3174941539764404
170,2012-08-31,3,2012-09-21,22,921613.06,1036302.3780329588,-3601166956.8129964,2548043680.981005,2.301449775695801
171,2012-08-31,4,2012-09-28,22,976479.5,1036532.8061277859,-3578784644.109842,2616045908.712512,2.2543625831604004
172,2012-08-31,5,2012-10-05,22,1009911.4,1033316.9725609756,-1692274579.8778536,1461498098.3548434,0.6561167240142822
173,2012-08-31,6,2012-10-12,22,1004117.9,1033772.9882172131,-1717628855.5375276,1477830199.1574318,0.6499607563018799
174,2012-08-31,7,2012-10-19,22,978027.94,1033614.2959710744,-1682146422.6443489,1460244066.065874,0.6085793972015381
175,2012-08-31,8,2012-10-26,22,1094422.6,1034114.5375,-1697820586.4835649,1454790697.2460952,0.6842820644378662
176,2012-08-31,1,2012-09-07,23,1427162.2,1508510.9230139828,-18506138358.009235,19878982486.449493,3.5623462200164795
177,2012-08-31,2,2012-09-14,23,1279041.6,1553812.0487236353,-20038531284.35475,23984368156.43114,3.2743074893951416
178,2012-08-31,3,2012-09-21,23,1338627.5,1401338.7938228706,-39956145121.628006,54206869428.17554,2.3231213092803955
179,2012-08-31,4,2012-09-28,23,1319035.1,1402118.305241121,-38184330228.10122,54066965021.98476,2.3058507442474365
180,2012-08-31,5,2012-10-05,23,1464616.6,1397178.350101626,-29429994908.102226,35490458128.339676,0.6626443862915039
181,2012-08-31,6,2012-10-12,23,1412925.2,1398307.5619877048,-29086252975.90843,35209933978.08795,0.598461389541626
182,2012-08-31,7,2012-10-19,23,1363155.8,1398578.2670454546,-29087659247.796318,35096984722.55784,0.6452469825744629
183,2012-08-31,8,2012-10-26,23,1347454.6,1399374.2932291667,-29090683517.932865,35211390844.95312,0.6699223518371582
184,2012-08-31,1,2012-09-07,24,1477154.8,1343504.4507673557,-10315205551.930632,10086460707.97339,3.4869377613067627
185,2012-08-31,2,2012-09-14,24,1242909.5,1326036.090342599,-5319411262.570335,4674672603.677592,2.629115343093872
186,2012-08-31,3,2012-09-21,24,1261158.5,1385288.1033214051,-4702680635.264762,5539613928.535423,2.2434191703796387
187,2012-08-31,4,2012-09-28,24,1259278.4,1378267.8250490925,-4673252644.03309,5755363240.092572,2.3242990970611572
188,2012-08-31,5,2012-10-05,24,1416720.5,1361306.355691057,-6143505351.773748,6770054959.954779,0.6633632183074951
189,2012-08-31,6,2012-10-12,24,1416301.1,1362136.8985655739,-6241261530.6969595,6933304279.263067,0.7056236267089844
190,2012-08-31,7,2012-10-19,24,1255414.9,1361743.7737603306,-6365680904.669901,7034601573.519245,0.6391377449035645
191,2012-08-31,8,2012-10-26,24,1307182.2,1361868.44375,-6353689844.309545,7121721443.781715,0.7357223033905029
192,2012-08-31,1,2012-09-07,25,671482.94,709638.6523189612,-2536999356.9652214,3419404720.9236436,3.4573659896850586
193,2012-08-31,2,2012-09-14,25,657242.9,710580.2550321486,-3543698491.465513,4556083672.581968,3.1832711696624756
194,2012-08-31,3,2012-09-21,25,664745.2,712651.8440261844,-963866351.6026528,1458119192.1492617,2.3459646701812744
195,2012-08-31,4,2012-09-28,25,683300.8,712617.778672311,-985806156.5215383,1449999937.580327,2.3000757694244385
196,2012-08-31,5,2012-10-05,25,699536.75,710735.9608739837,-488386146.2679402,818605871.7894593,0.6359965801239014
197,2012-08-31,6,2012-10-12,25,697317.44,710767.206454918,-482932979.8528162,810084501.3450314,0.6353480815887451
198,2012-08-31,7,2012-10-19,25,685531.9,710653.8693181818,-489063798.9972614,814859486.3115813,0.6561160087585449
199,2012-08-31,8,2012-10-26,25,688940.94,710758.5453125,-493644163.6716115,824837563.9645662,0.6186771392822266
200,2012-08-31,1,2012-09-07,26,1081874.0,1030841.0395069643,-2475623983.4692993,2925467776.8430243,3.23386549949646
201,2012-08-31,2,2012-09-14,26,986131.94,997524.4752601704,-5651614125.170437,7105655283.610725,2.288547992706299
202,2012-08-31,3,2012-09-21,26,961113.2,1029149.1464296775,-5814074690.965516,7061840443.187366,2.311657667160034
203,2012-08-31,4,2012-09-28,26,964726.4,1024331.7280264706,-5956282465.690931,6982118516.480511,2.2671141624450684
204,2012-08-31,5,2012-10-05,26,1095504.2,1006814.6092479675,-5814861056.289619,4827031913.549752,0.6515183448791504
205,2012-08-31,6,2012-10-12,26,1044639.7,1007653.2218237704,-5808597561.697629,4892780675.844329,0.6616110801696777
206,2012-08-31,7,2012-10-19,26,975578.0,1007100.9364669422,-5988871765.982608,4958202854.360108,0.7029287815093994
207,2012-08-31,8,2012-10-26,26,958619.8,1007387.9145833333,-6021657906.853725,4961306840.171791,0.6162290573120117
208,2012-08-31,1,2012-09-07,27,1840955.2,1551944.411029535,-4704420650.565274,5172530010.849231,3.2571425437927246
209,2012-08-31,2,2012-09-14,27,1519604.5,1756456.9647295335,-1908660277.2007453,2016117600.8854704,2.3393001556396484
210,2012-08-31,3,2012-09-21,27,1557485.8,1728153.1658478267,-2469213457.870639,2874125740.7607822,2.302248477935791
211,2012-08-31,4,2012-09-28,27,1540687.6,1728059.4681386638,-1282450321.7027478,1136426581.2828689,2.34171986579895
212,2012-08-31,5,2012-10-05,27,1591856.4,1783526.5142276422,-3292423288.966098,2084438703.973171,0.6744484901428223
213,2012-08-31,6,2012-10-12,27,1660081.2,1783343.1536885246,-3231496503.7378435,2010122697.602818,0.6642413139343262
214,2012-08-31,7,2012-10-19,27,1620374.2,1782052.916322314,-3026265731.766662,1928745000.3962808,0.6359493732452393
215,2012-08-31,8,2012-10-26,27,1703047.8,1781549.4427083333,-2955284600.5109825,1910975186.6643968,0.6667037010192871
216,2012-08-31,1,2012-09-07,28,1469694.0,1291136.27870706,-7678732699.699972,8631023004.013504,3.536247491836548
217,2012-08-31,2,2012-09-14,28,1124660.8,1233529.8490360703,-6338783378.362548,7498284271.731056,3.9622256755828857
218,2012-08-31,3,2012-09-21,28,1135340.1,1234920.0887627557,-10280768947.12529,13812319920.574013,3.423750400543213
219,2012-08-31,4,2012-09-28,28,1129508.6,1241867.7638484398,-5990603891.859356,5980780837.728013,3.124431848526001
220,2012-08-31,5,2012-10-05,28,1462941.0,1319711.481707317,-10138661666.91774,6807021276.182574,0.6810789108276367
221,2012-08-31,6,2012-10-12,28,1205536.8,1320799.5184426229,-10460040392.705917,7182434502.14618,0.6681652069091797
222,2012-08-31,7,2012-10-19,28,1143724.5,1319046.6776859504,-10238987328.775753,6881403111.430609,0.6585135459899902
223,2012-08-31,8,2012-10-26,28,1213860.6,1319656.24375,-10433970003.839474,7028442068.741724,0.6301419734954834
224,2012-08-31,1,2012-09-07,29,540811.9,542846.7001171717,-8832444845.132193,9216559000.155394,3.261043071746826
225,2012-08-31,2,2012-09-14,29,475127.2,541554.4031653783,-6361094953.439754,6950901938.702197,2.259474039077759
226,2012-08-31,3,2012-09-21,29,489079.22,541322.7077689874,-6488669868.566301,7160610221.08004,2.300868034362793
227,2012-08-31,4,2012-09-28,29,489725.9,542684.5474997648,-6538915655.6105,7161945561.08271,2.266314744949341
228,2012-08-31,5,2012-10-05,29,520646.8,542069.1890243902,-4676139512.109315,5970530515.328429,0.6785140037536621
229,2012-08-31,6,2012-10-12,29,513737.0,542405.7113217213,-4692819267.823447,6028744075.901083,0.683053731918335
230,2012-08-31,7,2012-10-19,29,516909.22,542190.0777376033,-4652799351.737092,5984850733.64365,0.6096451282501221
231,2012-08-31,8,2012-10-26,29,535148.8,542383.82109375,-4661955825.121579,5996426642.755806,0.6904323101043701
232,2012-08-31,1,2012-09-07,30,433565.78,430815.47355321347,-144515139.98423007,177103782.36992484,5.940012693405151
233,2012-08-31,2,2012-09-14,30,437773.3,429685.7602280378,-210091130.01014066,185642240.34195665,4.767560958862305
234,2012-08-31,3,2012-09-21,30,443891.62,433265.8549067027,-207946764.64674297,243954280.13628128,4.4394707679748535
235,2012-08-31,4,2012-09-28,30,425410.03,438012.382221875,-119686889.77702647,111177170.69809233,4.187488794326782
236,2012-08-31,5,2012-10-05,30,446751.44,435640.3835111125,-216253041.0932993,165102666.47934037,3.9935803413391113
237,2012-08-31,6,2012-10-12,30,434593.25,434268.0891750032,-214098386.95895043,188919710.60300696,3.978668451309204
238,2012-08-31,7,2012-10-19,30,437537.28,438790.41848489037,-153602607.0253758,192411954.6313086,3.934852361679077
239,2012-08-31,8,2012-10-26,30,439424.5,444537.9480695151,-49977979.78673549,44941216.55323605,3.9648385047912598
240,2012-08-31,1,2012-09-07,31,1358111.6,1399884.0836986543,-3224853703.6834326,4187297916.538601,3.2298765182495117
241,2012-08-31,2,2012-09-14,31,1327705.4,1398408.630592546,-3845715858.656967,3786758378.292008,3.1382107734680176
242,2012-08-31,3,2012-09-21,31,1373064.9,1402343.2359239706,-3041578640.013446,3427166871.7681193,3.1200263500213623
243,2012-08-31,4,2012-09-28,31,1279080.6,1401586.130579705,-2939125689.2552733,3875478583.401624,3.122267484664917
244,2012-08-31,5,2012-10-05,31,1363365.1,1400393.337398374,-333680978.6364097,248728945.4744186,0.6234374046325684
245,2012-08-31,6,2012-10-12,31,1401113.4,1401681.8053278688,-382070631.3545783,293863230.0938726,0.6815719604492188
246,2012-08-31,7,2012-10-19,31,1378730.5,1401846.1074380165,-396478333.0267807,298125480.9771691,0.6486978530883789
247,2012-08-31,8,2012-10-26,31,1340232.6,1402800.753125,-426581395.3396912,325860169.88104486,0.6550655364990234
248,2012-08-31,1,2012-09-07,32,1126686.0,1202611.932920098,-4765381391.968416,5979586784.605503,3.161212205886841
249,2012-08-31,2,2012-09-14,32,1156377.5,1174121.9080362408,-3613520744.6622105,3149950948.5680323,2.4326109886169434
250,2012-08-31,3,2012-09-21,32,1159119.6,1177194.133037573,-7440277250.665469,6028193570.771921,2.3377842903137207
251,2012-08-31,4,2012-09-28,32,1157111.1,1172237.7352462257,-6026295498.841535,5090148424.607879,2.267392635345459
252,2012-08-31,5,2012-10-05,32,1202775.2,1173960.8084349593,-4293311434.5611176,4099554860.0656643,0.6775603294372559
253,2012-08-31,6,2012-10-12,32,1176681.2,1174839.180840164,-4191186839.795206,4020067299.3580317,0.6287839412689209
254,2012-08-31,7,2012-10-19,32,1199292.0,1175179.4850206613,-4157676059.9247127,3988915050.704165,0.6172235012054443
255,2012-08-31,8,2012-10-26,32,1219979.2,1175978.2265625,-4090521575.989555,3946147485.6738667,0.6743261814117432
256,2012-08-31,1,2012-09-07,33,286428.78,275880.7898447642,-271950633.326301,331404393.5801027,3.479781150817871
257,2012-08-31,2,2012-09-14,33,277417.53,276304.0876361163,-207725031.67405564,228669831.88372657,3.594928503036499
258,2012-08-31,3,2012-09-21,33,252709.58,237504.42949796832,-240157615.0375095,267316857.32097676,3.661181688308716
259,2012-08-31,4,2012-09-28,33,242813.52,229690.28819839418,-240174358.81011352,303236534.938222,3.6383814811706543
260,2012-08-31,5,2012-10-05,33,265444.9,253262.71072446782,-305708474.0053558,390052205.433903,3.569838762283325
261,2012-08-31,6,2012-10-12,33,291781.16,276435.28244804114,-257963874.71341267,311579512.0286301,3.5364737510681152
262,2012-08-31,7,2012-10-19,33,254412.34,246621.49028317293,-270732867.7645863,324502055.2099429,3.834550619125366
263,2012-08-31,8,2012-10-26,33,253731.12,238951.59130008167,-276807386.1864964,376542261.6327711,3.8219027519226074
264,2012-08-31,1,2012-09-07,34,976415.56,970331.5386061879,-2311664571.688398,1393714005.4933395,3.2375617027282715
265,2012-08-31,2,2012-09-14,34,955211.7,970253.9269012844,-1982178523.1544693,1597594960.547742,3.1134207248687744
266,2012-08-31,3,2012-09-21,34,943047.8,996010.6169751382,-1541015856.28397,1107163030.2145567,2.4395833015441895
267,2012-08-31,4,2012-09-28,34,928797.3,972259.4825914816,-2417507019.1768365,1936036605.659816,2.225374937057495
268,2012-08-31,5,2012-10-05,34,968896.7,970687.1585365854,-1260776425.958382,705737049.4841568,0.680079460144043
269,2012-08-31,6,2012-10-12,34,948613.4,971595.0681352459,-1274679094.38846,724865813.4647716,0.6364567279815674
270,2012-08-31,7,2012-10-19,34,963516.3,971744.6513429752,-1282980787.2685933,736797492.7813339,0.6379973888397217
271,2012-08-31,8,2012-10-26,34,956987.8,972059.8197916667,-1279909338.2739277,735063265.1844789,0.6788926124572754
272,2012-08-31,1,2012-09-07,35,984842.8,927358.2111766012,-3322741458.723436,3542677373.593237,4.714595079421997
273,2012-08-31,2,2012-09-14,35,821731.06,908302.846399511,-9290050422.725609,8355620840.183802,4.262968301773071
274,2012-08-31,3,2012-09-21,35,772591.06,898626.5056863023,-25894579045.5387,24145672673.58245,4.284740209579468
275,2012-08-31,4,2012-09-28,35,814099.9,893455.6212329098,-35743031636.106544,39206775394.97354,4.041537046432495
276,2012-08-31,5,2012-10-05,35,866357.25,873454.9345910954,-35566086896.76787,40576418124.772255,3.647404432296753
277,2012-08-31,6,2012-10-12,35,873679.75,892156.4614840967,-66665190193.8545,64206569690.72587,3.67630672454834
278,2012-08-31,7,2012-10-19,35,829284.7,914304.112772232,-47145593850.06177,34454381854.74666,3.210092306137085
279,2012-08-31,8,2012-10-26,35,865154.1,915180.0611817626,-75544770913.09209,40309589444.18634,3.1684703826904297
280,2012-08-31,1,2012-09-07,36,293728.56,317687.56684237876,-1464837611.0074933,812244091.0903221,5.837789058685303
281,2012-08-31,2,2012-09-14,36,301893.62,323883.0002669664,-1456996038.0638535,786137451.5235542,6.176180839538574
282,2012-08-31,3,2012-09-21,36,293804.44,315088.8868683409,-1432760552.9744852,777207633.2485646,5.7681193351745605
283,2012-08-31,4,2012-09-28,36,270677.97,320181.251475157,-1251655156.2928965,618526732.0764939,5.7653608322143555
284,2012-08-31,5,2012-10-05,36,277168.72,307776.4123911205,-1262740698.555853,581365698.6303573,5.804608583450317
285,2012-08-31,6,2012-10-12,36,300247.8,316631.54849743005,-1443276478.3665724,671174786.8509296,5.866185188293457
286,2012-08-31,7,2012-10-19,36,287360.06,304407.6089586242,-1496075267.9300365,747000759.5915946,5.558535575866699
287,2012-08-31,8,2012-10-26,36,272489.4,302869.063934018,-1513937046.852868,771264536.9172912,5.0808281898498535
288,2012-08-31,1,2012-09-07,37,526838.1,517543.1733950771,-452910315.8420375,449372122.4954837,3.4349253177642822
289,2012-08-31,2,2012-09-14,37,514651.75,517382.726723095,-293862869.0916844,281719763.02294767,3.1746952533721924
290,2012-08-31,3,2012-09-21,37,521320.97,517735.76517240773,-444276534.4436194,371010704.09143114,3.2171294689178467
291,2012-08-31,4,2012-09-28,37,527953.1,517691.27915235906,-523471910.0308776,448452633.2207064,3.0882608890533447
292,2012-08-31,5,2012-10-05,37,546122.4,517470.58906482364,-249865687.5229813,294902265.28402066,2.975982666015625
293,2012-08-31,6,2012-10-12,37,521810.75,517404.6086746212,-351197121.74835366,427023806.2454153,2.8613409996032715
294,2012-08-31,7,2012-10-19,37,551969.1,518126.9509297521,-162775610.75741458,161200512.6424687,0.8770186901092529
295,2012-08-31,8,2012-10-26,37,534738.44,518234.70807291666,-164355748.62203956,161472805.2220337,0.7643845081329346
296,2012-08-31,1,2012-09-07,38,490274.8,436132.71947627125,-1058448597.5768956,1018489648.4604118,5.945701599121094
297,2012-08-31,2,2012-09-14,38,430944.4,415769.0749386752,-742362192.983335,649291087.255989,6.022341966629028
298,2012-08-31,3,2012-09-21,38,409600.97,422004.9701159359,-927312662.724935,948018865.3008305,5.648326873779297
299,2012-08-31,4,2012-09-28,38,398469.6,416933.8694423749,-663158175.8342894,696567071.3369974,5.7163779735565186
300,2012-08-31,5,2012-10-05,38,458479.0,460662.2037203325,-560945259.7957873,728475763.7510775,5.373241186141968
301,2012-08-31,6,2012-10-12,38,437320.66,423895.2361233037,-765898870.7217832,903050984.1650286,5.763867378234863
302,2012-08-31,7,2012-10-19,38,428806.47,408876.22443820693,-727873867.3614906,766756976.1326855,5.624142646789551
303,2012-08-31,8,2012-10-26,38,417290.38,409938.74300258106,-569853750.6094207,703786394.7249179,5.225085258483887
304,2012-08-31,1,2012-09-07,39,1609811.8,1616958.431996496,-12763615842.70794,7392930970.3185215,4.268487215042114
305,2012-08-31,2,2012-09-14,39,1447614.1,1625609.9978152772,-22277216794.010143,11384175732.205317,4.159829616546631
306,2012-08-31,3,2012-09-21,39,1555672.5,1574039.5580072715,-24840079823.362885,12915128984.2731,4.1435770988464355
307,2012-08-31,4,2012-09-28,39,1495607.0,1569147.650087475,-26004809297.002846,14821620633.33264,4.114505290985107
308,2012-08-31,5,2012-10-05,39,1574408.6,1561958.279576599,-28557861091.494213,17260058867.92101,3.7569634914398193
309,2012-08-31,6,2012-10-12,39,1494431.5,1431374.5862827543,-22742226371.95389,13292620821.641575,3.761565923690796
310,2012-08-31,7,2012-10-19,39,1577486.4,1498486.6595406893,-19418511260.091278,12767518173.934046,3.6705172061920166
311,2012-08-31,8,2012-10-26,39,1569502.0,1498836.4187178595,-16966354635.52169,10175391244.377325,3.549502372741699
312,2012-08-31,1,2012-09-07,40,1088248.4,957760.5615545901,-2123928477.267366,2124359611.1713064,2.3804829120635986
313,2012-08-31,2,2012-09-14,40,901709.8,956785.1709018686,-2433801925.8279586,2423446267.5782914,2.373548984527588
314,2012-08-31,3,2012-09-21,40,899803.4,1003085.1930851897,-2427094694.949208,2497798059.1925664,2.317769765853882
315,2012-08-31,4,2012-09-28,40,919595.44,964138.2174725514,-3337811544.428985,2655951879.2832885,2.345019817352295
316,2012-08-31,5,2012-10-05,40,1069112.0,968187.8948170731,-2643948080.5284123,4044790436.8554387,0.6243801116943359
317,2012-08-31,6,2012-10-12,40,982523.25,969428.4651639344,-2607691659.478245,3952596877.207693,0.6494050025939941
318,2012-08-31,7,2012-10-19,40,918170.5,969094.840392562,-2659469881.3286123,4031623839.040194,0.6969120502471924
319,2012-08-31,8,2012-10-26,40,921264.5,969610.1098958333,-2627703676.457627,4005943274.809103,0.5917923450469971
320,2012-08-31,1,2012-09-07,41,1392320.2,1496354.9978694064,-11720155241.165005,9884275273.600828,4.350095272064209
321,2012-08-31,2,2012-09-14,41,1306644.2,1439308.3867233682,-15716887950.38138,13061313821.694746,4.217931509017944
322,2012-08-31,3,2012-09-21,41,1276609.4,1419241.952484853,-20196465999.204426,13419184744.840649,4.217007637023926
323,2012-08-31,4,2012-09-28,41,1307928.0,1365263.6840859337,-16257456008.99619,14466049700.578848,4.005397319793701
324,2012-08-31,5,2012-10-05,41,1400161.0,1330456.742489473,-13711490616.17365,11367616328.519432,3.7609646320343018
325,2012-08-31,6,2012-10-12,41,1409545.0,1375688.0144825168,-14598939079.00804,12183075199.397488,3.568723201751709
326,2012-08-31,7,2012-10-19,41,1326197.2,1390143.9513710584,-14344358633.061384,13933018649.414898,3.8737590312957764
327,2012-08-31,8,2012-10-26,41,1316542.6,1495275.1806202843,-16590309998.205359,13585388015.755043,3.1528968811035156
328,2012-08-31,1,2012-09-07,42,617405.4,574852.3566484468,-1254807714.14364,1075172789.8036697,5.254359722137451
329,2012-08-31,2,2012-09-14,42,586737.7,572196.3875695672,-816058477.7638702,1186638030.7400482,5.275017261505127
330,2012-08-31,3,2012-09-21,42,527190.7,540128.433127859,-731125331.8698115,1090290184.565218,5.162170886993408
331,2012-08-31,4,2012-09-28,42,505978.47,523565.12405496807,-743639364.6512828,1044716135.8965867,5.270349502563477
332,2012-08-31,5,2012-10-05,42,593162.5,588030.3372291153,-959439787.3187593,1303059089.9449203,4.915631055831909
333,2012-08-31,6,2012-10-12,42,612578.9,593111.9863467861,-1003161246.3726342,1471175813.449099,4.881638288497925
334,2012-08-31,7,2012-10-19,42,541407.0,555920.9528969849,-876351156.530539,1222130017.6962035,4.8398518562316895
335,2012-08-31,8,2012-10-26,42,514758.56,530943.7196740949,-910010073.805326,1240661171.8140206,4.790142059326172
336,2012-08-31,1,2012-09-07,43,663814.2,633101.5715235627,-598174272.3131528,608129957.330434,4.360542058944702
337,2012-08-31,2,2012-09-14,43,625196.94,645838.6859423979,-385371431.9359902,311299890.17229676,4.3207314014434814
338,2012-08-31,3,2012-09-21,43,601990.0,609551.6129660932,-482001716.0236922,375115514.8528612,5.187440872192383
339,2012-08-31,4,2012-09-28,43,577792.3,592478.7925772589,-462861270.33319044,397550621.7259974,4.195713043212891
340,2012-08-31,5,2012-10-05,43,642614.9,610507.111040525,-890599375.2806586,905556737.498369,4.316487550735474
341,2012-08-31,6,2012-10-12,43,619369.75,634961.9098536121,-2638996964.936301,1362367605.1289513,3.7925167083740234
342,2012-08-31,7,2012-10-19,43,623919.25,635470.2079079673,-2551018470.7088065,1516310023.867264,3.6313040256500244
343,2012-08-31,8,2012-10-26,43,587603.56,629575.106164742,-3168553016.279466,1835863327.6436782,3.6558141708374023
344,2012-08-31,1,2012-09-07,44,338737.34,335744.82892179576,-261292287.19180706,123509192.19478582,5.8422629833221436
345,2012-08-31,2,2012-09-14,44,347726.66,337039.2346517455,-232453416.936524,100616563.0232713,5.9209065437316895
346,2012-08-31,3,2012-09-21,44,336029.84,337029.62323196477,-226019985.52572715,97681114.84861144,6.1779820919036865
347,2012-08-31,4,2012-09-28,44,355363.28,342437.53911977116,-239597123.7574601,114744747.37515716,6.179240465164185
348,2012-08-31,5,2012-10-05,44,337390.44,334914.2913577384,-261834662.0114456,120189607.73503512,5.9135355949401855
349,2012-08-31,6,2012-10-12,44,337796.12,335464.1403056506,-283933711.8797649,159903550.01539376,5.7656731605529785
350,2012-08-31,7,2012-10-19,44,323766.78,339538.4535936772,-275741509.0429951,137015114.07764658,5.609416961669922
351,2012-08-31,8,2012-10-26,44,361067.06,341371.04144434177,-314810619.5713466,163209168.73394382,5.13027548789978
352,2012-08-31,1,2012-09-07,45,766512.6,677269.4299159055,-1686000068.2789428,1019433064.4502281,3.257965087890625
353,2012-08-31,2,2012-09-14,45,702245.1,788529.4071141985,-7042894167.282526,3197850628.963219,2.3555080890655518
354,2012-08-31,3,2012-09-21,45,723086.2,791907.7117468817,-8023717450.256083,2317190389.0159655,2.385627031326294
355,2012-08-31,4,2012-09-28,45,713173.94,791955.8352130536,-8178404619.7414055,2359616780.5637226,2.3679959774017334
356,2012-08-31,5,2012-10-05,45,733455.06,789189.8048780488,-4390939873.564291,819000263.9488096,0.6537175178527832
357,2012-08-31,6,2012-10-12,45,734464.4,789615.4134221311,-4490647427.5661,842963434.2877198,0.6769952774047852
358,2012-08-31,7,2012-10-19,45,718125.5,789428.840392562,-4476134992.097618,830126237.6537012,0.6651108264923096
359,2012-08-31,8,2012-10-26,45,760281.44,789689.2291666666,-4506166230.023934,813176524.7011745,0.607675313949585
